[{"context": "Mistborn is a series of epic fantasy novels written by American author Brandon Sanderson.", "qas": [{"id": "00001", "is_impossible": false, "question": "Who is the author of the Mistborn series?", "answers": [{"text": "Brandon Sanderson", "answer_start": 71}]}]}, {"context": "The first series, published between 2006 and 2008, consists of The Final Empire,The Well of Ascension, and The Hero of Ages.", "qas": [{"id": "00002", "is_impossible": false, "question": "When was the series published?", "answers": [{"text": "between 2006 and 2008", "answer_start": 28}]}, {"id": "00003", "is_impossible": false, "question": "What are the three books in the series?", "answers": [{"text": "The Final Empire, The Well of Ascension, and The Hero of Ages", "answer_start": 63}]}, {"id": "00004", "is_impossible": true, "question": "Who is the main character in the series?", "answers": []}]}]
